﻿"DeviceName","UserPrincipalName","Platform","AppVersion","AssignmentFilterIdsExist","LastModifiedDateTime","AppInstallState","AppInstallState_loc","AppInstallStateDetails","AppInstallStateDetails_loc","HexErrorCode"
"L-4SJ0SV3","xduque@corona.com.co","Windows 10.0.19045.5737","8.00","False","2025-05-15 15:10:42.0000000","S2","Error","N2016214939","No se pudo recuperar la información de contenido.","0x87D30065"
"LCMORON","cmoron@corona.com.co","Windows 10.0.19045.5737","8.00","False","2025-05-15 14:26:54.0000000","S3","Sin instalar","E3000","Error al instalar una o más aplicaciones dependientes.",""
"D-2HTV4K3","kvergel@corona.com.co","Windows 10.0.19045.5737","8.00","False","2025-05-13 15:06:04.0000000","S3","Sin instalar","E3000","Error al instalar una o más aplicaciones dependientes.",""
"L-9ZQDK13","drestrepoa@corona.com.co","Windows 10.0.26100.3775","8.00","False","2025-05-15 15:23:12.0000000","S1","Instalada","E0","",""
"LJACEBEDO","jacebedo@corona.com.co","Windows 10.0.19045.5737","8.00","False","2025-05-15 15:06:18.0000000","S1","Instalada","E0","",""
"LDTORRESG","dtorresg@corona.com.co","Windows 10.0.26100.3775","8.00","False","2025-05-15 15:47:14.0000000","S1","Instalada","E0","",""
"D-5FXV4K3","oquiroz@corona.com.co","Windows 10.0.19045.5737","8.00","False","2025-05-13 15:40:40.0000000","S3","Sin instalar","E3000","Error al instalar una o más aplicaciones dependientes.",""
"LJPENUELAA","jpenuelaa@corona.com.co","Windows 10.0.19045.5737","8.00","False","2025-05-15 15:07:02.0000000","S1","Instalada","E0","",""
"5CD7245MSF","njurado@corona.com.co","Windows 10.0.19045.5737","8.00","False","2025-05-13 15:01:14.0000000","S3","Sin instalar","E3000","Error al instalar una o más aplicaciones dependientes.",""
"D-1N4L7V3","","Windows 10.0.19045.5737","8.00","False","2025-05-13 14:35:18.0000000","S3","Sin instalar","E3000","Error al instalar una o más aplicaciones dependientes.",""
"D-1DTZKM3","lvfranco@corona.com.co","Windows 10.0.19045.5737","8.00","False","2025-05-13 14:33:51.0000000","S3","Sin instalar","E3000","Error al instalar una o más aplicaciones dependientes.",""
"D-1R0TW04","","Windows 10.0.22631.5189","8.00","False","2025-05-13 15:56:11.0000000","S3","Sin instalar","E3000","Error al instalar una o más aplicaciones dependientes.",""
"LSGOMEZG","sgomez@corona.com.co","Windows 10.0.19045.5737","8.00","False","2025-05-15 15:27:14.0000000","S1","Instalada","E0","",""
"D-5T36D14","cguerrero@corona.com.co","Windows 10.0.26100.3476","8.00","False","2025-05-13 15:08:42.0000000","S3","Sin instalar","E3000","Error al instalar una o más aplicaciones dependientes.",""
"L-12QQDK3","jgiraldom@corona.com.co","Windows 10.0.26100.3775","8.00","False","2025-05-15 17:56:26.0000000","S2","Error","N2016214939","No se pudo recuperar la información de contenido.","0x87D30065"
"D-1QGP5K3","jrodriguezp@corona.com.co","Windows 10.0.26100.3775","8.00","False","2025-05-13 14:31:11.0000000","S3","Sin instalar","E3000","Error al instalar una o más aplicaciones dependientes.",""
"LPGALLEGO","pgallego@corona.com.co","Windows 10.0.19045.2486","8.00","False","2025-05-16 16:37:26.3718400","S1","Instalada","E0","",""
"LLPUERTO","lpuerto@corona.com.co","Windows 10.0.19045.5737","8.00","False","2025-05-16 15:26:09.8742590","S1","Instalada","E0","",""
"LMHERNANDEZG","mhernandezg@corona.com.co","Windows 10.0.19045.5737","8.00","False","2025-05-16 15:20:48.3998800","S1","Instalada","E0","",""
"L-70YLTQ3","apgutierrez@corona.com.co","Windows 10.0.26100.3775","8.00","False","2025-05-16 16:31:43.2462450","S1","Instalada","E0","",""
"LCARREDONDO","carredondo@corona.com.co","Windows 10.0.26100.3775","8.00","False","2025-05-16 15:33:44.0311840","S1","Instalada","E0","",""
"L-FNVFL34","mdiez@corona.com.co","Windows 10.0.26100.3775","8.00","False","2025-05-16 15:33:56.4083510","S1","Instalada","E0","",""
"LJABUITRAGO","jabuitrago@corona.com.co","Windows 10.0.19045.5737","8.00","False","2025-05-16 17:03:53.9308490","S1","Instalada","E0","",""
"LOVASQUEZ","ovasquez@corona.com.co","Windows 10.0.26100.3775","8.00","False","2025-05-16 16:48:59.8393360","S1","Instalada","E0","",""
"LCAPENA","capena@corona.com.co","Windows 10.0.26100.3775","8.00","False","2025-05-16 17:13:59.9019590","S1","Instalada","E0","",""
"DLQUEVEDO","lquevedo@corona.com.co","Windows 10.0.19045.5737","8.00","False","2025-05-16 15:54:28.2422660","S1","Instalada","E0","",""
"LJETOORESL","jetorresl@corona.com.co","Windows 10.0.26100.3775","8.00","False","2025-05-16 16:00:21.3393530","S1","Instalada","E0","",""
"DSYZAPATA","syzapata@corona.com.co","Windows 10.0.19045.5737","8.00","False","2025-05-16 15:34:40.3875920","S2","Error","N2016345060","La aplicación no se detectó después de que la instalación se completara correctamente.","0x87D1041C"
"DMALZATEA","malzatea@corona.com.co","Windows 10.0.19045.5737","8.00","False","2025-05-16 15:31:48.9856020","S1","Instalada","E0","",""
"LDCLOPEZQ","dclopez@corona.com.co","Windows 10.0.19045.5737","8.00","False","2025-05-16 16:40:41.9790660","S1","Instalada","E0","",""
"DACARDENAS","AACARDENAS@corona.com.co","Windows 10.0.19045.5737","8.00","False","2025-05-16 15:47:05.5490610","S1","Instalada","E0","",""
"LHDMORENO","hdmoreno@corona.com.co","Windows 10.0.26100.3775","8.00","False","2025-05-16 15:18:04.0696980","S1","Instalada","E0","",""
"L-DY2GC63","mcarrilloc@corona.com.co","Windows 10.0.19045.5737","8.00","False","2025-05-16 15:50:23.6597980","S1","Instalada","E0","",""
"D-JSYV4K3","pgonzalez@corona.com.co","Windows 10.0.19045.5737","8.00","False","2025-05-16 15:18:40.1895990","S1","Instalada","E0","",""
"L-7PP7QV3","cjblanco@corona.com.co","Windows 10.0.26100.3775","8.00","False","2025-05-16 15:25:02.5686720","S1","Instalada","E0","",""
"LVARODRIGUEZ","varodriguez@corona.com.co","Windows 10.0.19045.5737","8.00","False","2025-05-16 15:09:31.9136780","S1","Instalada","E0","",""
"LCGORTIZ","dparraa@corona.com.co","Windows 10.0.26100.3775","8.00","False","2025-05-16 15:44:52.8176800","S1","Instalada","E0","",""
"D-MXL62217JM","fagarcia@corona.com.co","Windows 10.0.22631.5189","8.00","False","2025-05-16 15:45:42.7444540","S1","Instalada","E0","",""
"LCPALACIO","cpalacio@corona.com.co","Windows 10.0.26100.3775","8.00","False","2025-05-16 15:15:23.7034510","S3","Sin instalar","E3000","Error al instalar una o más aplicaciones dependientes.",""
"LNSARAVIAA","nsaravia@corona.com.co","Windows 10.0.19045.5737","8.00","False","2025-05-16 15:20:22.5416220","S3","Sin instalar","E3000","Error al instalar una o más aplicaciones dependientes.",""
"LJMORENOV","jmorenov@corona.com.co","Windows 10.0.19045.5737","8.00","False","2025-05-16 15:57:33.1047390","S1","Instalada","E0","",""
"LCBERNAL","cbernal@corona.com.co","Windows 10.0.19045.5737","8.00","False","2025-05-16 15:59:14.6062800","S1","Instalada","E0","",""
"LWLOPEZ","wlopez@corona.com.co","Windows 10.0.19045.5737","8.00","False","2025-05-16 15:47:02.9639870","S1","Instalada","E0","",""
"L-1Y592T2","mfvargas@corona.com.co","Windows 10.0.26100.3775","8.00","False","2025-05-16 15:24:36.9788060","S1","Instalada","E0","",""
"L-1K5KSQ3","lrestrepog@corona.com.co","Windows 10.0.19045.5737","8.00","False","2025-05-16 15:21:10.5396780","S1","Instalada","E0","",""
"L-7CMNP74","kjurado@corona.com.co","Windows 10.0.26100.3775","8.00","False","2025-05-16 15:06:19.9575110","S1","Instalada","E0","",""
"LDCONTRERAS","dcontreras@corona.com.co","Windows 10.0.19045.5737","8.00","False","2025-05-16 15:23:54.9854010","S1","Instalada","E0","",""
"L-5F5KSQ3","eveleza@corona.com.co","Windows 10.0.26100.3775","8.00","False","2025-05-16 14:46:54.5377010","S1","Instalada","E0","",""
"L-8ZFHJG3","malzatea@corona.com.co","Windows 10.0.19045.5737","8.00","False","2025-05-16 14:48:47.5157430","S1","Instalada","E0","",""
"LEJSIERRA","ejsierra@corona.com.co","Windows 10.0.19045.5737","8.00","False","2025-05-16 15:24:03.9040090","S1","Instalada","E0","",""
"LJRODRIGUEZA","jrodrigueza@corona.com.co","Windows 10.0.22631.5189","8.00","False","2025-05-16 15:08:24.4416270","S1","Instalada","E0","",""
"L-2H2HHW3","damartinez@corona.com.co","Windows 10.0.26100.3775","8.00","False","2025-05-16 14:56:03.5838390","S1","Instalada","E0","",""
"LAGARZONR","agarzonr@corona.com.co","Windows 10.0.22631.5189","8.00","False","2025-05-16 14:54:50.1282040","S1","Instalada","E0","",""
"L-31S0TQ3","jcgalindo@corona.com.co","Windows 10.0.19045.5737","8.00","False","2025-05-16 15:10:33.3940260","S1","Instalada","E0","",""
"LEMEJIAH","emejiah@corona.com.co","Windows 10.0.26100.3775","8.00","False","2025-05-16 15:05:26.1204060","S1","Instalada","E0","",""
"LEMORAM","emoram@corona.com.co","Windows 10.0.19045.5737","8.00","False","2025-05-16 14:49:55.0121500","S1","Instalada","E0","",""
"LJCRIVERA","jcrivera@corona.com.co","Windows 10.0.26100.3775","8.00","False","2025-05-16 15:07:38.0532560","S1","Instalada","E0","",""
"LACARMONAG","acarmonag@corona.com.co","Windows 10.0.19045.5737","8.00","False","2025-05-16 15:16:06.2293390","S1","Instalada","E0","",""
"LJAGUZMAN","jaguzman@corona.com.co","Windows 10.0.19045.5737","8.00","False","2025-05-16 15:05:04.1428000","S1","Instalada","E0","",""
"LSMAYORCA","smayorca@corona.com.co","Windows 10.0.22631.5189","8.00","False","2025-05-16 15:08:01.0662000","S1","Instalada","E0","",""
"L-D1TMN93","jgallo@corona.com.co","Windows 10.0.19045.5737","8.00","False","2025-05-16 15:13:51.9298630","S1","Instalada","E0","",""
"L-6D5CCS3","lcquevedo@corona.com.co","Windows 10.0.22631.5189","8.00","False","2025-05-16 14:53:28.5345250","S1","Instalada","E0","",""
"L-FHTV4K3","marevalo@corona.com.co","Windows 10.0.19045.5737","8.00","False","2025-05-16 15:11:02.8945630","S1","Instalada","E0","",""
"L-5J223F3","magomez@corona.com.co","Windows 10.0.26100.3775","8.00","False","2025-05-16 15:03:30.9269190","S1","Instalada","E0","",""
"LIRESTREPOR","irestrepor@corona.com.co","Windows 10.0.19045.5854","8.00","False","2025-05-16 14:51:04.7326340","S1","Instalada","E0","",""
"D-32WV4K3","marevalo@corona.com.co","Windows 10.0.19045.5737","8.00","False","2025-05-16 14:58:56.6272930","S1","Instalada","E0","",""
"L-DD2GC63","abedoyav@corona.com.co","Windows 10.0.19045.5011","8.00","False","2025-05-16 14:46:34.5690400","S1","Instalada","E0","",""
"DLGOMEZ","cestupinan@corona.com.co","Windows 10.0.19045.5737","8.00","False","2025-05-16 14:55:11.0992390","S1","Instalada","E0","",""
"LJAMONTOYA","jamontoya@corona.com.co","Windows 10.0.19045.4529","8.00","False","2025-05-16 14:57:07.7052860","S1","Instalada","E0","",""
"LKCGARCIA","kcgarcia@corona.com.co","Windows 10.0.26100.3775","8.00","False","2025-05-16 14:40:48.2909110","S1","Instalada","E0","",""
"LEORTIZ","eortiz@corona.com.co","Windows 10.0.19045.5737","8.00","False","2025-05-16 14:41:12.3227680","S1","Instalada","E0","",""
"LRMOLINA","rmolina@corona.com.co","Windows 10.0.19045.5737","8.00","False","2025-05-16 12:52:31.2365330","S1","Instalada","E0","",""
"LMBOTIAA","mbotia@corona.com.co","Windows 10.0.19045.5737","8.00","False","2025-05-15 16:32:20.0000000","S1","Instalada","E0","",""
"LYGOMEZL","ygomezl@corona.com.co","Windows 10.0.19045.5737","8.00","False","2025-05-15 15:52:53.0000000","S1","Instalada","E0","",""
"LRMONSALVE","rmonsalve@corona.com.co","Windows 10.0.19045.5737","8.00","False","2025-05-15 14:40:01.0000000","S1","Instalada","E0","",""
"LJYSERNA1","jyserna@corona.com.co","Windows 10.0.19045.5737","8.00","False","2025-05-15 15:12:11.0000000","S1","Instalada","E0","",""
"LJSRUIZ","jsruiz@corona.com.co","Windows 10.0.19045.5737","8.00","False","2025-05-16 17:31:27.5182230","S1","Instalada","E0","",""
"L6N2C5X3","jsandoval@corona.com.co","Windows 10.0.19045.5737","8.00","False","2025-05-15 16:07:28.0000000","S1","Instalada","E0","",""
"L-9SX1KW2","aescaf@corona.com.co","Windows 10.0.26100.3775","8.00","False","2025-05-15 14:57:52.0000000","S1","Instalada","E0","",""
"LCRINCON","crincon@corona.com.co","Windows 10.0.19045.5737","8.00","False","2025-05-15 15:06:28.0000000","S1","Instalada","E0","",""
"LJQUINTEROM","jquinterom@corona.com.co","Windows 10.0.19045.5854","8.00","False","2025-05-14 15:55:01.0000000","S1","Instalada","E0","",""
"D-2HTV4K3","kcuadriz@corona.com.co","Windows 10.0.19045.5737","8.00","False","2025-05-13 15:09:00.0000000","S3","Sin instalar","E3000","Error al instalar una o más aplicaciones dependientes.",""
"L-C7HWFY3","pmedina@corona.com.co","Windows 10.0.26100.3775","8.00","False","2025-05-15 14:57:51.0000000","S3","Sin instalar","E3000","Error al instalar una o más aplicaciones dependientes.",""
"LDLONDONOA","dlondonoa@corona.com.co","Windows 10.0.19045.5737","8.00","False","2025-05-15 15:11:19.0000000","S1","Instalada","E0","",""
"D-3NYTWX3","ggranados@corona.com.co","Windows 10.0.22631.5189","8.00","False","2025-05-13 15:08:14.0000000","S3","Sin instalar","E3000","Error al instalar una o más aplicaciones dependientes.",""
"L-025646584553","drestrepoa@corona.com.co","Windows 10.0.19045.5737","8.00","False","2025-05-15 14:46:42.0000000","S1","Instalada","E0","",""
"LCGALINDOM","cgalindom@corona.com.co","Windows 10.0.19045.5737","8.00","False","2025-05-15 14:32:13.0000000","S1","Instalada","E0","",""
"D-3JB10R3","ajrojas@corona.com.co","Windows 10.0.19045.5737","8.00","False","2025-05-13 14:35:37.0000000","S3","Sin instalar","E3000","Error al instalar una o más aplicaciones dependientes.",""
"D-3NYTWX3","dacanog@corona.com.co","Windows 10.0.22631.5189","8.00","False","2025-05-13 15:05:48.0000000","S3","Sin instalar","E3000","Error al instalar una o más aplicaciones dependientes.",""
"D-5N4L7V3","cmrestrepof@corona.com.co","Windows 10.0.19045.5737","8.00","False","2025-05-13 14:30:11.0000000","S3","Sin instalar","E3000","Error al instalar una o más aplicaciones dependientes.",""
"D-1R0TW04","aosorioa@corona.com.co","Windows 10.0.22631.5189","8.00","False","2025-05-13 15:32:02.0000000","S3","Sin instalar","E3000","Error al instalar una o más aplicaciones dependientes.",""
"LLHINCAPIEM","lhincapiem@corona.com.co","Windows 10.0.19045.5737","8.00","False","2025-05-15 15:24:06.0000000","S1","Instalada","E0","",""
"D-5R0TW04","jgvanegas@corona.com.co","Windows 10.0.26100.3775","8.00","False","2025-05-13 21:44:44.0000000","S1","Instalada","E1000","Error al instalar una o más aplicaciones dependientes.",""
"LADONADO","adonado@corona.com.co","Windows 10.0.19045.5737","8.00","False","2025-05-15 15:10:23.0000000","S1","Instalada","E0","",""
"LDJARAMILLOR","djaramillor@corona.com.co","Windows 10.0.19045.5737","8.00","False","2025-05-15 14:36:16.0000000","S1","Instalada","E0","",""
"DDGUAYAZAN","riquirogar@corona.com.co","Windows 10.0.19045.5737","8.00","False","2025-05-13 14:51:02.0000000","S3","Sin instalar","E3000","Error al instalar una o más aplicaciones dependientes.",""
"L-FG2RQV3","PBasto@corona.com.co","Windows 10.0.19045.5737","8.00","False","2025-05-15 16:17:54.0000000","S1","Instalada","E0","",""
"L-903GC63","asierrat@corona.com.co","Windows 10.0.26100.3775","8.00","False","2025-05-15 15:12:50.0000000","S1","Instalada","E0","",""
"D-5R0TW04","riquirogar@corona.com.co","Windows 10.0.26100.3775","8.00","False","2025-05-13 21:43:31.0000000","S1","Instalada","E1000","Error al instalar una o más aplicaciones dependientes.",""
"D-2ZYV4K3","auxlogccudea@corona.com.co","Windows 10.0.19045.5737","8.00","False","2025-05-13 16:42:02.0000000","S3","Sin instalar","E3000","Error al instalar una o más aplicaciones dependientes.",""
